<code_scheme name="sky-walking" version="173">
  <option name="OTHER_INDENT_OPTIONS">
    <value>
      <option name="CONTINUATION_INDENT_SIZE" value="4" />
    </value>
  </option>
  <JavaCodeStyleSettings>
    <option name="GENERATE_FINAL_LOCALS" value="true" />
    <option name="GENERATE_FINAL_PARAMETERS" value="true" />
    <option name="CLASS_NAMES_IN_JAVADOC" value="3" />
    <option name="CLASS_COUNT_TO_USE_IMPORT_ON_DEMAND" value="999" />
    <option name="NAMES_COUNT_TO_USE_IMPORT_ON_DEMAND" value="999" />
    <option name="PACKAGES_TO_USE_IMPORT_ON_DEMAND">
      <value />
    </option>
    <option name="IMPORT_LAYOUT_TABLE">
      <value>
        <package name="" withSubpackages="true" static="false" />
        <emptyLine />
        <package name="" withSubpackages="true" static="true" />
      </value>
    </option>
    <option name="JD_P_AT_EMPTY_LINES" value="false" />
    <option name="JD_PRESERVE_LINE_FEEDS" value="true" />
  </JavaCodeStyleSettings>
  <ADDITIONAL_INDENT_OPTIONS fileType="haml">
    <option name="INDENT_SIZE" value="2" />
  </ADDITIONAL_INDENT_OPTIONS>
  <codeStyleSettings language="Groovy">
    <option name="KEEP_CONTROL_STATEMENT_IN_ONE_LINE" value="false" />
    <option name="KEEP_BLANK_LINES_IN_DECLARATIONS" value="1" />
    <option name="KEEP_BLANK_LINES_IN_CODE" value="1" />
    <option name="KEEP_BLANK_LINES_BEFORE_RBRACE" value="1" />
    <option name="ALIGN_MULTILINE_PARAMETERS" value="false" />
    <option name="ALIGN_MULTILINE_FOR" value="false" />
    <option name="SPACE_AFTER_TYPE_CAST" value="false" />
    <option name="METHOD_PARAMETERS_WRAP" value="1" />
    <option name="METHOD_ANNOTATION_WRAP" value="1" />
    <option name="CLASS_ANNOTATION_WRAP" value="1" />
    <option name="FIELD_ANNOTATION_WRAP" value="1" />
    <indentOptions>
      <option name="CONTINUATION_INDENT_SIZE" value="4" />
    </indentOptions>
  </codeStyleSettings>
  <codeStyleSettings language="HOCON">
    <option name="KEEP_BLANK_LINES_BEFORE_RBRACE" value="1" />
    <option name="PARENT_SETTINGS_INSTALLED" value="true" />
  </codeStyleSettings>
  <codeStyleSettings language="JAVA">
    <option name="KEEP_FIRST_COLUMN_COMMENT" value="false" />
    <option name="KEEP_CONTROL_STATEMENT_IN_ONE_LINE" value="false" />
    <option name="KEEP_BLANK_LINES_IN_DECLARATIONS" value="1" />
    <option name="KEEP_BLANK_LINES_IN_CODE" value="1" />
    <option name="KEEP_BLANK_LINES_BEFORE_RBRACE" value="1" />
    <option name="BLANK_LINES_BEFORE_PACKAGE" value="1" />
    <option name="WHILE_ON_NEW_LINE" value="true" />
    <option name="ALIGN_MULTILINE_CHAINED_METHODS" value="true" />
    <option name="ALIGN_MULTILINE_PARAMETERS_IN_CALLS" value="true" />
    <option name="ALIGN_MULTILINE_FOR" value="false" />
    <option name="ALIGN_MULTILINE_ARRAY_INITIALIZER_EXPRESSION" value="true" />
    <option name="SPACE_BEFORE_ARRAY_INITIALIZER_LBRACE" value="true" />
    <option name="CALL_PARAMETERS_WRAP" value="1" />
    <option name="CALL_PARAMETERS_LPAREN_ON_NEXT_LINE" value="true" />
    <option name="CALL_PARAMETERS_RPAREN_ON_NEXT_LINE" value="true" />
    <option name="METHOD_PARAMETERS_WRAP" value="5" />
    <option name="METHOD_CALL_CHAIN_WRAP" value="5" />
    <option name="ARRAY_INITIALIZER_WRAP" value="2" />
    <option name="ARRAY_INITIALIZER_LBRACE_ON_NEXT_LINE" value="true" />
    <option name="ARRAY_INITIALIZER_RBRACE_ON_NEXT_LINE" value="true" />
    <option name="WRAP_COMMENTS" value="true" />
    <indentOptions>
      <option name="CONTINUATION_INDENT_SIZE" value="4" />
    </indentOptions>
  </codeStyleSettings>
  <codeStyleSettings language="JSON">
    <option name="KEEP_BLANK_LINES_IN_CODE" value="1" />
  </codeStyleSettings>
  <codeStyleSettings language="Scala">
    <option name="KEEP_BLANK_LINES_IN_DECLARATIONS" value="1" />
    <option name="KEEP_BLANK_LINES_IN_CODE" value="1" />
    <option name="KEEP_BLANK_LINES_BEFORE_RBRACE" value="1" />
    <option name="WHILE_ON_NEW_LINE" value="true" />
    <option name="ALIGN_MULTILINE_PARAMETERS" value="false" />
    <option name="ALIGN_MULTILINE_FOR" value="false" />
    <option name="METHOD_PARAMETERS_WRAP" value="1" />
    <option name="METHOD_ANNOTATION_WRAP" value="1" />
    <option name="CLASS_ANNOTATION_WRAP" value="1" />
    <option name="FIELD_ANNOTATION_WRAP" value="1" />
    <indentOptions>
      <option name="INDENT_SIZE" value="4" />
      <option name="CONTINUATION_INDENT_SIZE" value="4" />
      <option name="TAB_SIZE" value="4" />
    </indentOptions>
  </codeStyleSettings>
  <codeStyleSettings language="XML">
    <indentOptions>
      <option name="CONTINUATION_INDENT_SIZE" value="4" />
    </indentOptions>
  </codeStyleSettings>
</code_scheme>